<?xml version="1.0" encoding="utf-8"?>
<geogebra format="5.0" version="5.2.907.0" app="suite" subApp="graphing" platform="offline" id="7fd5614b-4efc-44e8-8323-e446ac217465"  xsi:noNamespaceSchemaLocation="http://www.geogebra.org/apps/xsd/ggb.xsd" xmlns="" xmlns:xsi="http://www.w3.org/2001/XMLSchema-instance" >
<gui>
	<window width="1536" height="730" />
	<perspectives>
<perspective id="tmp">
	<panes>
		<pane location="" divider="0.24739583333333334" orientation="1" />
	</panes>
	<views>
		<view id="4097" visible="false" inframe="false" stylebar="true" location="1,1,1,1" size="400" window="100,100,700,550" />
		<view id="512" toolbar="0 | 1 501 5 19 , 67 | 2 15 45 18 , 7 37 | 514 3 9 , 13 44 , 47 | 16 51 | 551 550 11 ,  20 22 21 23 , 55 56 57 , 12 | 69 | 510 511 , 512 513 | 533 531 , 534 532 , 522 523 , 537 536 , 535 , 538 | 521 520 | 36 , 38 49 560 | 571 30 29 570 31 33 | 17 | 540 40 41 42 , 27 28 35 , 6 , 502" visible="false" inframe="false" stylebar="false" location="1,1,1" size="500" window="100,100,600,400" />
		<view id="4" toolbar="0 || 2020 , 2021 , 2022 || 2001 , 2003 , 2002 , 2004 , 2005 || 2040 , 2041 , 2042 , 2044 , 2043" visible="false" inframe="false" stylebar="false" location="1,1" size="300" window="100,100,600,400" />
		<view id="8" toolbar="1001 | 1002 | 1003  || 1005 | 1004 || 1006 | 1007 | 1010 || 1008 | 1009 || 6" visible="false" inframe="false" stylebar="false" location="1,3" size="300" window="100,100,600,400" />
		<view id="1" visible="true" inframe="false" stylebar="false" location="1" size="1140" window="100,100,600,400" />
		<view id="2" visible="true" inframe="false" stylebar="false" location="3" size="380" tab="ALGEBRA" window="100,100,600,400" />
		<view id="16" visible="false" inframe="false" stylebar="false" location="1" size="300" window="50,50,500,500" />
		<view id="32" visible="false" inframe="false" stylebar="true" location="1" size="300" window="50,50,500,500" />
		<view id="64" visible="false" inframe="false" stylebar="false" location="1" size="480" window="50,50,500,500" />
		<view id="128" visible="false" inframe="false" stylebar="false" location="1" size="480" window="50,50,500,500" />
		<view id="70" toolbar="0 || 2020 || 2021 || 2022" visible="false" inframe="false" stylebar="true" location="1" size="900" window="50,50,500,500" />
	</views>
	<toolbar show="true" items="0 77 73 62 | 1 501 67 , 5 19 , 72 75 76 | 2 15 45 , 18 65 , 7 37 | 4 3 8 9 , 13 44 , 58 , 47 | 16 51 64 , 70 | 10 34 53 11 , 24  20 22 , 21 23 | 55 56 57 , 12 | 36 46 , 38 49  50 , 71  14  68 | 30 29 54 32 31 33 | 25 17 26 60 52 61 | 40 41 42 , 27 28 35 , 6" position="1" help="false" />
	<input show="true" cmd="true" top="algebra" />
	<dockBar show="false" east="false" />
</perspective>
	</perspectives>
	<labelingStyle  val="1"/>
	<font  size="16"/>
</gui>
<euclidianView>
	<viewNumber viewNo="1"/>
	<size  width="1140" height="729"/>
	<coordSystem xZero="570" yZero="364.5" scale="49.999999999999986" yscale="50"/>
	<evSettings axes="true" grid="true" gridIsBold="false" pointCapturing="3" rightAngleStyle="1" checkboxSize="26" gridType="3"/>
	<bgColor r="255" g="255" b="255"/>
	<axesColor r="28" g="28" b="31"/>
	<gridColor r="180" g="179" b="186"/>
	<lineStyle axes="1" grid="0"/>
	<axis id="0" show="true" label="" unitLabel="" tickStyle="1" showNumbers="true"/>
	<axis id="1" show="true" label="" unitLabel="" tickStyle="1" showNumbers="true"/>
</euclidianView>
<algebraView>
	<mode val="3"/>
</algebraView>
<kernel>
	<uses3D val="true"/>
	<continuous val="false"/>
	<usePathAndRegionParameters val="true"/>
	<decimals val="13"/>
	<angleUnit val="degree"/>
	<algebraStyle val="3" spreadsheet="0"/>
	<coordStyle val="0"/>
</kernel>
<tableview min="0" max="0" step="0"/>
<scripting blocked="false" disabled="false"/>
<construction title="geochung" author="" date="">
<expression label="g" exp="y = x^(2) + (8 * x) + 16" type="conic"/>
<element type="conic" label="g">
	<show object="true" label="true" ev="4"/>
	<objColor r="101" g="87" b="210" alpha="0"/>
	<layer val="0"/>
	<labelMode val="3"/>
	<animation step="0.1" type="0" playing="false"/>
	<dynamicCaption val="TenVanBan1"/>
	<lineStyle thickness="8" type="0" typeHidden="1" opacity="230"/>
	<eqnStyle style="user"/>
	<eigenvectors x0="0" y0="1" z0="1.0" x1="-1" y1="0" z1="1.0"/>
	<matrix A0="-1" A1="0" A2="-16" A3="0" A4="-4" A5="0.5"/>
</element>
<expression label="h" exp="y = (-x^(2)) + (4 * x) - 3" type="conic"/>
<element type="conic" label="h">
	<show object="true" label="true" ev="4"/>
	<objColor r="211" g="47" b="47" alpha="0"/>
	<layer val="0"/>
	<labelMode val="3"/>
	<fixed val="true"/>
	<dynamicCaption val="TenVanBan2"/>
	<lineStyle thickness="6" type="0" typeHidden="1" opacity="230"/>
	<eqnStyle style="user"/>
	<eigenvectors x0="0" y0="-1" z0="1.0" x1="-1" y1="0" z1="1.0"/>
	<matrix A0="1" A1="0" A2="3" A3="0" A4="-2" A5="0.5"/>
</element>
<expression label="TenVanBan1" exp="&quot;f(x)&quot;"/>
<element type="text" label="TenVanBan1">
	<show object="false" label="true" ev="40"/>
	<objColor r="0" g="0" b="0" alpha="0"/>
	<layer val="3"/>
	<labelMode val="0"/>
	<isLaTeX val="true"/>
	<font serif="true" sizeM="1" size="0" style="0"/>
	<startPoint x="-2.253384635297196" y="3.049640215291022" z="1"/>
</element>
<expression label="TenVanBan2" exp="&quot;g(x)&quot;"/>
<element type="text" label="TenVanBan2">
	<show object="false" label="true" ev="40"/>
	<objColor r="0" g="0" b="0" alpha="0"/>
	<layer val="3"/>
	<labelMode val="0"/>
	<isLaTeX val="true"/>
	<font serif="true" sizeM="1" size="0" style="0"/>
	<startPoint x="-0.6114417173533161" y="2.1415960258220603" z="1"/>
</element>
<command name="Point">
	<input a0="g"/>
	<output a0="A"/>
</command>
<element type="point" label="A">
	<show object="true" label="true" ev="4"/>
	<objColor r="21" g="101" b="192" alpha="0"/>
	<layer val="3"/>
	<labelMode val="0"/>
	<animation step="0.1" type="1" playing="false"/>
	<dynamicCaption val="TenVanBan3"/>
	<pointSize val="5"/>
	<pointStyle val="0"/>
	<coords x="-2.9316401809189454" y="1.1413927030269033" z="1"/>
</element>
<command name="Point">
	<input a0="h"/>
	<output a0="B"/>
</command>
<element type="point" label="B">
	<show object="true" label="true"/>
	<objColor r="21" g="101" b="192" alpha="0"/>
	<layer val="3"/>
	<labelMode val="0"/>
	<animation step="0.1" type="1" playing="false"/>
	<dynamicCaption val="TenVanBan8"/>
	<pointSize val="5"/>
	<pointStyle val="0"/>
	<coords x="2.6499354796813774" y="0.5775838722513376" z="1"/>
</element>
<expression label="TenVanBan3" exp="&quot;A&quot;"/>
<element type="text" label="TenVanBan3">
	<show object="false" label="true" ev="40"/>
	<objColor r="0" g="0" b="0" alpha="0"/>
	<layer val="3"/>
	<labelMode val="0"/>
	<isLaTeX val="true"/>
	<font serif="true" sizeM="1" size="0" style="0"/>
	<startPoint x="-0.8477819858452382" y="3.3854921757795418" z="1"/>
</element>
<expression label="TenVanBan8" exp="&quot;B&quot;"/>
<element type="text" label="TenVanBan8">
	<show object="false" label="true" ev="40"/>
	<objColor r="0" g="0" b="0" alpha="0"/>
	<layer val="3"/>
	<labelMode val="0"/>
	<isLaTeX val="true"/>
	<font serif="true" sizeM="1" size="0" style="0"/>
	<startPoint x="0.7444050861003424" y="4.5112181914910625" z="1"/>
</element>
<expression label="a" exp="y(A)" />
<element type="numeric" label="a">
	<value val="1.1413927030269033"/>
</element>
<expression label="b" exp="y(B)" />
<element type="numeric" label="b">
	<value val="0.5775838722513376"/>
</element>
<expression label="TenVanBan4" exp="&quot;&quot; + (LaTeX[a]) + &quot;&quot;" />
<element type="text" label="TenVanBan4">
	<show object="false" label="true" ev="40"/>
	<objColor r="0" g="0" b="0" alpha="0"/>
	<layer val="3"/>
	<labelMode val="0"/>
	<isLaTeX val="true"/>
	<font serif="true" sizeM="1" size="0" style="0"/>
	<startPoint x="0.8687947010960908" y="4.7848753444817085" z="1"/>
</element>
<expression label="TenVanBan5" exp="&quot;&quot; + (LaTeX[b]) + &quot;&quot;" />
<element type="text" label="TenVanBan5">
	<show object="false" label="true" ev="40"/>
	<objColor r="0" g="0" b="0" alpha="0"/>
	<layer val="3"/>
	<labelMode val="0"/>
	<isLaTeX val="true"/>
	<font serif="true" sizeM="1" size="0" style="0"/>
	<startPoint x="0.5951375481054442" y="3.827075309014448" z="1"/>
</element>
<command name="Textfield">
	<input a0="TenVanBan4"/>
	<output a0="HopChonDauVao1"/>
</command>
<element type="textfield" label="HopChonDauVao1">
	<show object="true" label="true"/>
	<objColor r="28" g="28" b="31" alpha="0"/>
	<bgColor r="255" g="255" b="255" alpha="255"/>
	<layer val="3"/>
	<labelOffset x="203" y="377"/>
	<labelMode val="0"/>
	<auxiliary val="true"/>
	<dynamicCaption val="TenVanBan6"/>
	<caption val="f(x)"/>
	<symbolic val="true" />
	<contentSerif val="true" />
	<length val="12"/>
</element>
<command name="Textfield">
	<input a0="TenVanBan5"/>
	<output a0="HopChonDauVao2"/>
</command>
<element type="textfield" label="HopChonDauVao2">
	<show object="true" label="true"/>
	<objColor r="28" g="28" b="31" alpha="0"/>
	<bgColor r="255" g="255" b="255" alpha="255"/>
	<layer val="3"/>
	<labelOffset x="1087" y="120"/>
	<labelMode val="0"/>
	<auxiliary val="true"/>
	<dynamicCaption val="TenVanBan7"/>
	<caption val="g(x)"/>
	<symbolic val="true" />
	<contentSerif val="true" />
	<length val="12"/>
</element>
<expression label="TenVanBan6" exp="&quot;y_{A}=f(A)=&quot;"/>
<element type="text" label="TenVanBan6">
	<show object="false" label="true" ev="40"/>
	<objColor r="0" g="0" b="0" alpha="0"/>
	<layer val="3"/>
	<labelMode val="0"/>
	<isLaTeX val="true"/>
	<font serif="true" sizeM="1" size="0" style="0"/>
	<startPoint x="3.207319463016162" y="4.747558459982985" z="1"/>
</element>
<expression label="TenVanBan7" exp="&quot;y_{B}=g(B)=&quot;"/>
<element type="text" label="TenVanBan7">
	<show object="false" label="true" ev="40"/>
	<objColor r="0" g="0" b="0" alpha="0"/>
	<layer val="3"/>
	<labelMode val="0"/>
	<isLaTeX val="true"/>
	<font serif="true" sizeM="1" size="0" style="0"/>
	<startPoint x="3.7670727304970297" y="3.901709078011897" z="1"/>
</element>
</construction>
</geogebra>